Symbol,Name,Last Sale,Net Change,% Change,Market Cap,Country,IPO Year,Volume,Sector,Industry
AAMC,Altisource Asset Management Corp Com,$14.2736,0.1236,0.873%,29236886.00,United States,,938,Finance,Investment Managers
AAU,Almaden Minerals Ltd. Common Shares,$0.419,0.009,2.195%,57495770.00,Canada,2015,383002,Basic Industries,Precious Metals
ACU,Acme United Corporation. Common Stock,$38.41,-1.04,-2.636%,135921774.00,United States,1988,13663,Consumer Durables,Home Furnishings
ACY,AeroCentury Corp. Common Stock,$33.81,3.19,10.418%,52266338.00,United States,,4699595,Technology,Diversified Commercial Services
ADRA,Adara Acquisition Corp. Class A Common Stock,$9.73,-0.009,-0.092%,139868750.00,United States,2021,2014,Finance,Finance: Consumer Services
AE,Adams Resources & Energy Inc. Common Stock,$29.01,2.02,7.484%,123321945.00,United States,,21233,Energy,Oilfield Services/Equipment
AEF,Aberdeen Emerging Markets Equity Income Fund Inc. Common Stock,$8.83,0.03,0.341%,448138200.00,United States,,22991,Finance,Finance/Investors Services
AGE,AgeX Therapeutics Inc. Common Stock,$1.22,-0.03,-2.40%,46280807.00,,2018,34045,Health Care,Major Pharmaceuticals
AIM,AIM ImmunoTech Inc. Common Stock,$2.00,0.00,0.00%,79380024.00,United States,,237824,Health Care,Biotechnology: Biological Products (No Diagnostic Substances)
AINC,Ashford Inc. (Holding Company) Common Stock,$16.62,0.07,0.423%,50238205.00,United States,2014,4546,Consumer Services,Professional Services
AIRI,Air Industries Group Common Stock,$1.25,-0.02,-1.575%,40096913.00,United States,,129056,Capital Goods,Military/Government/Technical
AMBO,Ambow Education Holding Ltd. American Depository Shares each representing two Class A ordinary shares,$1.57,-0.07,-4.268%,36615689.00,China,,61393,Miscellaneous,Service to the Health Industry
AMPE,Ampio Pharmaceuticals Inc.,$1.46,-0.03,-2.013%,292668617.00,United States,,752662,Health Care,Major Pharmaceuticals
AMS,American Shared Hospital Services Common Stock,$2.61,-0.04,-1.509%,15140610.00,United States,,188258,Health Care,Medical Specialities
ANVS,Annovis Bio Inc. Common Stock,$39.81,-2.01,-4.806%,322483692.00,United States,2020,429152,Health Care,Major Pharmaceuticals
APT,Alpha Pro Tech Ltd. Common Stock,$8.68,-0.57,-6.162%,114725739.00,Canada,,920308,Consumer Durables,Home Furnishings
ARMP,Armata Pharmaceuticals Inc. Common Stock,$3.8114,-0.0486,-1.259%,95058001.00,United States,,2908,Health Care,Biotechnology: Biological Products (No Diagnostic Substances)
ASM,Avino Silver & Gold Mines Ltd. Common Shares (Canada),$1.04,0.0534,5.413%,104902766.00,Canada,,658724,Basic Industries,Other Metals and Minerals
ASXC,Asensus Surgical Inc. Common Stock,$2.19,-0.17,-7.203%,513169523.00,United States,,3280206,Health Care,Medical/Dental Instruments
ATNM,Actinium Pharmaceuticals Inc. (Delaware) Common Stock,$6.32,-0.08,-1.25%,134813904.00,United States,,168576,Health Care,Major Pharmaceuticals
AUMN,Golden Minerals Company Common Stock,$0.484,0.0061,1.276%,78797432.00,United States,,422127,Basic Industries,Metal Mining Services
AWX,Avalon Holdings Corporation Common Stock,$5.16,-0.48,-8.511%,20121064.00,United States,,79032,Public Utilities,Environmental Services
AXU,Alexco Resource Corp Common Shares (Canada),$1.87,0.09,5.056%,281775759.00,Canada,,978646,Basic Industries,Precious Metals
BATL,Battalion Oil Corporation Common Stock,$12.15,-0.09,-0.735%,197656650.00,,,29806,Energy,Oil & Gas Production
BCV,Bancroft Fund Ltd.,$31.58,-0.08,-0.253%,174251682.00,United States,,6308,Finance,Finance/Investors Services
BCV^A,Bancroft Fund Limited 5.375% Series A Cumulative Preferred Shares,$25.71,-0.022,-0.085%,,United States,,2759,,
BDL,Flanigan's Enterprises Inc. Common Stock,$25.365,-1.045,-3.957%,47144581.00,United States,,9074,Consumer Services,Restaurants
BDR,Blonder Tongue Laboratories Inc. Common Stock,$1.15,-0.15,-11.538%,13754581.00,United States,,776562,Capital Goods,Industrial Machinery/Components
BGI,Birks Group Inc. Common Stock,$2.94,0.10,3.521%,53887092.00,Canada,,490041,Consumer Services,Other Specialty Stores
BHB,Bar Harbor Bankshares Inc. Common Stock,$28.41,-0.25,-0.872%,425647853.00,United States,,13186,Finance,Major Banks
BKTI,BK Technologies Corporation Common Stock,$3.20,-0.01,-0.312%,53714307.00,United States,,21463,Technology,Radio And Television Broadcasting And Communications Equipment
BMTX,BM Technologies Inc. Common Stock,$10.81,-0.11,-1.007%,131886086.00,,2018,49287,Technology,EDP Services
BRBS,Blue Ridge Bankshares Inc. Common Stock,$17.86,-0.04,-0.223%,335367168.00,,,17919,Finance,Major Banks
BRG,Bluerock Residential Growth REIT Inc. Class A Common Stock,$12.03,0.08,0.669%,318649317.00,,2014,103168,Consumer Services,Real Estate Investment Trusts
BRG^C,Bluerock Residential Growth REIT Inc. 7.625% Series C Cumulative Redeemable Preferred Stock,$25.3558,-0.1857,-0.727%,,,,1303,,
BRG^D,Bluerock Residential Growth REIT Inc. 7.125% Series D Cumulative Preferred Stock ($0.01 par value per share),$25.30,-0.10,-0.394%,,,,780,,
BRN,Barnwell Industries Inc. Common Stock,$2.22,-0.03,-1.333%,18375295.00,United States,,123392,Energy,Oil & Gas Production
BTG,B2Gold Corp Common shares (Canada),$3.92,0.08,2.083%,4132883122.00,Canada,,4899519,Basic Industries,Precious Metals
BTN,Ballantyne Strong Inc. Common Stock,$3.65,0.01,0.275%,66800636.00,United States,,47731,Miscellaneous,Industrial Machinery/Components
BTTR,Better Choice Company Inc. Common Stock,$3.71,-0.05,-1.33%,109760331.00,,2021,35989,Consumer Non-Durables,Food Distributors
BTX,Brooklyn ImmunoTherapeutics Inc. Common Stock,$11.12,-0.62,-5.281%,575233285.00,United States,,495892,Health Care,Major Pharmaceuticals
BWL/A,Bowl America Inc.,$9.10,0.00,0.00%,,United States,,2557,,
CANF,Can-Fite Biopharma Ltd Sponsored ADR (Israel),$1.94,-0.03,-1.523%,33351593.00,Israel,,309380,Health Care,Major Pharmaceuticals
CCF,Chase Corporation Common Stock,$117.16,0.30,0.257%,1107073896.00,United States,,8237,Basic Industries,Paints/Coatings
CDOR,Condor Hospitality Trust Inc. Common Stock,$5.802,-0.068,-1.158%,85367849.00,United States,,6608,Consumer Services,Real Estate Investment Trusts
CEI,Camber Energy Inc. Common Stock,$0.4349,-0.0126,-2.816%,45314534.00,United States,,9250729,Energy,Oil & Gas Production
CET,Central Securities Corporation Common Stock,$42.51,-0.06,-0.141%,1115479532.00,United States,,8563,Finance,Finance/Investors Services
CEV,Eaton Vance California Municipal Income Trust Shares of Beneficial Interest,$14.04,-0.04,-0.284%,100155393.00,United States,1999,17219,Finance,Finance/Investors Services
CHAQ,Chardan Healthcare Acquisition 2 Corp. Common Stock,$10.00,-0.0002,-0.002%,107783050.00,,2020,12002,Health Care,Biotechnology: Biological Products (No Diagnostic Substances)
CIK,Credit Suisse Asset Management Income Fund Inc. Common Stock,$3.50,0.02,0.575%,183067252.00,United States,,703074,Finance,Finance/Investors Services
CIX,CompX International Inc. Common Stock,$22.29,-0.32,-1.415%,276522095.00,United States,1998,4807,Miscellaneous,Diversified Manufacture
CKX,CKX Lands Inc. Common Stock,$11.53,0.00,0.00%,22396967.00,United States,,42,Energy,Oil & Gas Production
CLM,Cornerstone Strategic Value Fund Inc. New Common Stock,$12.375,-0.155,-1.237%,961196383.00,United States,1987,894947,Finance,Finance/Investors Services
CMCL,Caledonia Mining Corporation Plc Common Shares,$12.27,0.30,2.506%,148697958.00,Canada,,67851,Basic Industries,Precious Metals
CMT,Core Molding Technologies Inc Common Stock,$14.63,-0.21,-1.415%,124127899.00,United States,,31929,Consumer Durables,Electronic Components
COHN,Cohen & Company Inc.,$21.27,0.09,0.425%,34548627.00,United States,,79830,Finance,Investment Bankers/Brokers/Service
CPHI,China Pharma Holdings Inc. Common Stock,$0.8798,0.00,0.00%,38341294.00,China,,403352,Health Care,Major Pharmaceuticals
CQP,Cheniere Energy Partners LP Cheniere Energy Partners LP Common Units,$41.33,-0.46,-1.101%,20004717004.00,United States,2007,84757,Public Utilities,Oil/Gas Transmission
CRF,Cornerstone Total Return Fund Inc. (The) Common Stock,$11.93,-0.09,-0.749%,489650243.00,United States,,473497,Finance,Finance/Investors Services
CTEK,CynergisTek Inc. Common Stock,$1.94,-0.02,-1.02%,23514154.00,United States,2017,24448,Technology,Retail: Computer Software & Peripheral Equipment
CVM,Cel-Sci Corporation Common Stock,$9.03,-0.38,-4.038%,385933757.00,United States,,532862,Health Care,Biotechnology: Biological Products (No Diagnostic Substances)
CVR,Chicago Rivet & Machine Co. Common Stock,$26.50,0.00,0.00%,25602498.00,United States,,234,Consumer Non-Durables,Industrial Specialties
CVU,CPI Aerostructures Inc. Common Stock,$3.29,-0.06,-1.791%,40237644.00,United States,,19917,Capital Goods,Military/Government/Technical
CYBN,Cybin Inc. Common Shares,$2.12,-0.10,-4.505%,336205740.00,,,761779,Consumer Durables,Major Pharmaceuticals
DHY,Credit Suisse High Yield Bond Fund Common Stock,$2.52,0.02,0.80%,260838653.00,United States,1998,424405,Finance,Finance/Investors Services
DIT,AMCON Distributing Company Common Stock,$159.00,-11.22,-6.591%,87667671.00,United States,,2335,Consumer Non-Durables,Food Distributors
DLA,Delta Apparel Inc. Common Stock,$32.09,-0.195,-0.604%,223816839.00,United States,,23731,Consumer Non-Durables,Department/Specialty Retail Stores
DMF,BNY Mellon Municipal Income Inc. Common Stock,$9.65,0.05,0.521%,200256868.00,United States,1988,32645,Finance,Finance/Investors Services
DNN,Denison Mines Corp Ordinary Shares (Canada),$1.07,-0.02,-1.835%,862140835.00,Canada,,3262943,Basic Industries,Other Metals and Minerals
DPW,Ault Global Holdings Inc. Common Stock,$2.72,-0.04,-1.449%,135386743.00,United States,,3417131,Capital Goods,Industrial Machinery/Components
DSS,Document Security Systems Inc. Common Stock,$1.28,-0.06,-4.478%,86515578.00,United States,,913542,Consumer Services,Recreational Products/Toys
DXF,Dunxin Financial Holdings Limited American Depositary Shares,$1.52,0.00,0.00%,31736364.00,China,,42706,Consumer Non-Durables,Apparel
DXR,Daxor Corporation Common Stock,$9.32,-0.2092,-2.195%,37595734.00,United States,,2918,Health Care,Medical/Dental Instruments
EAD,Wells Fargo Income Opportunities Fund Common Shares,$8.92,0.03,0.337%,540429029.00,United States,2003,155568,Finance,Finance/Investors Services
ECF,Ellsworth Growth and Income Fund Ltd.,$14.73,0.10,0.684%,198847016.00,United States,1986,9279,Finance,Finance/Investors Services
ECF^A,Ellsworth Growth and Income Fund Ltd. 5.25% Series A Cumulative Preferred Shares (Liquidation Preference $25.00 per share),$26.24,0.03,0.114%,,United States,,200,,
EIM,Eaton Vance Municipal Bond Fund Common Shares of Beneficial Interest $.01 par value,$13.79,0.00,0.00%,992234407.00,United States,2002,110893,Finance,Finance/Investors Services
ELA,Envela Corporation Common Stock,$4.36,-0.04,-0.909%,117390301.00,United States,,11612,Consumer Services,Consumer Specialties
ELLO,Ellomay Capital Ltd Ordinary Shares (Israel),$28.10,0.00,0.00%,360787899.00,Israel,,1,Public Utilities,Electric Utilities: Central
ELMD,Electromed Inc. Common Stock,$11.69,0.49,4.375%,100971440.00,United States,2011,18151,Health Care,Biotechnology: Electromedical & Electrotherapeutic Apparatus
EMAN,eMagin Corporation Common Stock,$2.44,-0.10,-3.937%,176341062.00,United States,,598621,Capital Goods,Industrial Machinery/Components
EMX,EMX Royalty Corporation Common Shares (Canada),$2.85,-0.05,-1.724%,244091522.00,Canada,,150120,Basic Industries,Precious Metals
ENSV,Enservco Corporation Common Stock,$1.18,-0.07,-5.60%,13490617.00,United States,,124406,Energy,Oilfield Services/Equipment
ENX,Eaton Vance New York Municipal Bond Fund Common Shares of Beneficial Interest $.01 par value,$12.73,0.12,0.952%,230645883.00,United States,2002,12211,Finance,Finance/Investors Services
EPM,Evolution Petroleum Corporation Inc. Common Stock,$3.95,-0.21,-5.048%,132354435.00,United States,,302836,Energy,Oil & Gas Production
EQX,Equinox Gold Corp. Common Shares,$6.41,0.24,3.89%,1925877641.00,Canada,,1148443,Basic Industries,Precious Metals
ERC,Wells Fargo Multi-Sector Income Fund Common Stock no par value,$13.19,0.14,1.073%,370211631.00,United States,2003,58012,Finance,Finance/Investors Services
ERH,Wells Fargo Utilities and High Income Fund,$14.55,-0.25,-1.689%,135043788.00,,2004,16250,Finance,Finance/Investors Services
ESP,Espey Mfg. & Electronics Corp. Common Stock,$14.615,-0.155,-1.049%,39498981.00,United States,,1241,Capital Goods,Industrial Machinery/Components
EVBN,Evans Bancorp Inc. Common Stock,$39.70,-0.08,-0.201%,216623368.00,United States,,15987,Finance,Major Banks
EVI,EVI Industries Inc.  Common Stock,$26.27,-2.02,-7.14%,322022205.00,United States,,16833,Capital Goods,Industrial Machinery/Components
EVM,Eaton Vance California Municipal Bond Fund Common Shares of Beneficial Interest $.01 par value,$12.06,-0.06,-0.495%,301431728.00,United States,2002,43515,Finance,Finance/Investors Services
EVV,Eaton Vance Limited Duration Income Fund Common Shares of Beneficial Interest,$13.31,-0.03,-0.225%,1545916810.00,United States,2003,318984,Finance,Finance/Investors Services
EVY,Eaton Vance New York Municipal Income Trust Shares of Beneficial Interest,$15.23,0.01,0.066%,82269840.00,United States,1999,3519,Finance,Finance/Investors Services
EXN,Excellon Resources Inc. Common Shares,$1.91,0.01,0.526%,62578258.00,,2020,8135,Basic Industries,Precious Metals
FAX,Aberdeen Asia-Pacific Income Fund Inc Common Stock,$4.37,0.05,1.157%,1082430511.00,United States,1986,505681,Finance,Investment Managers
FCO,Aberdeen Global Income Fund Inc. Common Stock,$9.65,0.20,2.116%,84341463.00,United States,1992,26185,Finance,Investment Managers
FEN,First Trust Energy Income and Growth Fund,$13.95,-0.10,-0.712%,271265702.00,United States,2004,20201,Finance,Finance/Investors Services
FRD,Friedman Industries Inc. Common Stock,$13.49,-0.41,-2.95%,93074754.00,United States,,33080,Basic Industries,Steel/Iron Ore
FSI,Flexible Solutions International Inc. Common Stock (CDA),$3.69,-0.07,-1.862%,45445103.00,Canada,,29220,Capital Goods,Recreational Products/Toys
FSP,Franklin Street Properties Corp. Common Stock,$4.86,-0.01,-0.205%,521938548.00,United States,,141356,Consumer Services,Real Estate Investment Trusts
FTF,Franklin Limited Duration Income Trust Common Shares of Beneficial Interest,$9.38,0.05,0.536%,282702272.00,United States,2003,134337,Finance,Finance/Investors Services
FTSI,FTS International Inc. Class A Common Stock,$21.61,-0.33,-1.504%,303872105.00,United States,2020,67569,Energy,Oilfield Services/Equipment
FURY,Fury Gold Mines Limited Common Shares,$0.8795,-0.0058,-0.655%,103720080.00,,2020,233115,Basic Industries,Precious Metals
GAU,Galiano Gold Inc.,$0.8959,0.0156,1.772%,201284649.00,Canada,,432786,Basic Industries,Precious Metals
GBR,New Concept Energy Inc Common Stock,$4.18,-0.21,-4.784%,21451484.00,United States,,121300,Consumer Services,Real Estate
GDP,Goodrich Petroleum Corporation Common Stock,$15.85,-0.07,-0.44%,214125781.00,United States,2017,23005,Energy,Oil & Gas Production
GGN,GAMCO Global Gold Natural Resources & Income Trust,$3.92,0.02,0.513%,603602129.00,United States,2005,450608,Finance,Finance/Investors Services
GGN^B,GAMCO Global Gold Natural Reources & Income Trust 5.00% Series B Cumulative 25.00 Liquidation Preference,$25.435,0.00,0.00%,,United States,,2,,
GGO,The Gabelli Go Anywhere Trust Common Shares of Beneficial Interest,$16.7601,0.00,0.00%,25927070.00,,2016,10,Finance,Trusts Except Educational Religious and Charitable
GLDG,GoldMining Inc. Common Shares,$1.16,-0.02,-1.695%,173515163.00,,,311302,Basic Industries,Precious Metals
GLO,Clough Global Opportunities Fund Common Stock,$13.06,0.08,0.616%,424562721.00,United States,2006,201922,Finance,Finance/Investors Services
GLQ,Clough Global Equity Fund Clough Global Equity Fund Common Shares of Beneficial Interest,$15.78,0.09,0.574%,213916442.00,United States,2005,54255,Finance,Finance/Investors Services
GLU,Gabelli Global Utility Common Shares of Beneficial Ownership,$21.87,-0.06,-0.274%,117520151.00,United States,2004,4382,Finance,Finance/Investors Services
GLU^B,The Gabelli Global Utility and Income Trust Series B Cumulative Puttable and Callable Preferred Shares,$51.55,-0.05,-0.097%,,United States,,5822,,
GLV,Clough Global Dividend and Income Fund Common Shares of beneficial interest,$12.01,0.20,1.693%,103750871.00,United States,2004,88082,Finance,Finance/Investors Services
GOED,1847 Goedeker Inc. Commom Stock,$2.61,-0.21,-7.447%,269138721.00,United States,2020,7273367,Consumer Services,Home Furnishings
GORO,Gold Resource Corporation Common Stock,$1.71,-0.05,-2.841%,127449590.00,United States,,1159791,Basic Industries,Precious Metals
GPL,Great Panther Mining Limited Ordinary Shares (Canada),$0.4857,0.0057,1.188%,173162735.00,Canada,,1556666,Basic Industries,Precious Metals
GRF,Eagle Capital Growth Fund Inc. Common Stock,$9.18,-0.0363,-0.394%,37402267.00,United States,,1513,Finance,Finance/Investors Services
GROY,Gold Royalty Corp. Common Shares,$4.85,0.00,0.00%,201863533.00,,2021,167268,Basic Industries,Precious Metals
GSAT,Globalstar Inc. Common Stock,$1.41,-0.12,-7.843%,2528130000.00,United States,2006,4672803,Consumer Services,Telecommunications Equipment
GSS,Golden Star Resources Ltd Common Stock,$2.25,0.07,3.211%,260381356.00,United States,,268950,Basic Industries,Precious Metals
GSV,Gold Standard Ventures Corporation Common Stock (Canada),$0.5025,-0.0058,-1.141%,179880051.00,Canada,,558998,Basic Industries,Mining & Quarrying of Nonmetallic Minerals (No Fuels)
GTE,Gran Tierra Energy Inc. Common Stock,$0.5158,-0.0201,-3.751%,189294364.00,Canada,,2954648,Energy,Oil & Gas Production
HMG,HMG/Courtland Properties Inc. Common Stock,$16.2926,-0.4026,-2.411%,16410689.00,United States,,2454,Consumer Services,Real Estate Investment Trusts
HNW,Pioneer Diversified High Income Fund Inc.,$15.62,0.07,0.45%,130158180.00,United States,2007,47355,Finance,Finance/Investors Services
HUSA,Houston American Energy Corporation Common Stock,$1.67,-0.04,-2.339%,16571974.00,United States,,192112,Energy,Oil & Gas Production
HWM^,Howmet Aerospace Inc. $3.75 Preferred Stock,$78.50,0.00,0.00%,,United States,,104,,
IAF,Aberdeen Australia Equity Fund Inc Common Stock,$6.59,-0.02,-0.303%,154832913.00,United States,,46315,Finance,Finance/Investors Services
IBIO,iBio Inc. Common Stock,$1.20,-0.03,-2.439%,261420413.00,United States,,3057974,Health Care,Major Pharmaceuticals
ID,PARTS iD Inc. Class A Common Stock,$5.41,-0.10,-1.815%,179468397.00,United States,2017,101182,Miscellaneous,Diversified Commercial Services
IDW,IDW Media Holdings Class B Common Stock,$3.88,0.02,0.518%,38995707.00,,2021,13121,Consumer Services,Advertising
IGC,India Globalization Capital Inc. Common Stock,$1.61,-0.08,-4.734%,77806910.00,United States,,1397962,Technology,Engineering & Construction
IHT,InnSuites Hospitality Trust Shares of Beneficial Interest,$4.46,-0.18,-3.879%,39500226.00,United States,,19138,Consumer Services,Real Estate Investment Trusts
IMH,Impac Mortgage Holdings Inc. Common Stock ,$1.65,-0.21,-11.29%,35198929.00,United States,1997,132697,Finance,Finance: Consumer Services
IMO,Imperial Oil Limited Common Stock,$27.28,-0.33,-1.195%,19220896788.00,Canada,,296582,Energy,Integrated oil Companies
INDO,Indonesia Energy Corporation Limited Ordinary Shares,$4.98,-0.03,-0.599%,36991216.00,,2019,1257,Energy,Oil & Gas Production
INFU,InfuSystems Holdings Inc. Common Stock,$15.25,0.45,3.041%,312149154.00,United States,,208810,Health Care,Medical/Dental Instruments
INTT,inTest Corporation Common Stock,$12.28,0.29,2.419%,131974769.00,United States,1997,188145,Technology,Semiconductors
INUV,Inuvo Inc.,$0.782,0.0014,0.179%,92679672.00,United States,,1442654,Technology,Advertising
IOR,Income Opportunity Realty Investors Inc. Common Stock,$11.66,-0.36,-2.995%,48603707.00,United States,,499,Finance,Diversified Financial Services
ISDR,Issuer Direct Corporation Common Stock,$27.9806,0.1606,0.577%,105949241.00,United States,,16934,Technology,EDP Services
ISR,IsoRay Inc. Common Stock (DE),$0.6451,-0.0216,-3.24%,91259243.00,United States,,739643,Health Care,Medical/Dental Instruments
ITP,IT Tech Packaging Inc. Common Stock,$0.428,-0.0159,-3.582%,42393357.00,China,,1847366,Basic Industries,Paper
ITRG,Integra Resources Corp. Common Shares,$2.83,0.0683,2.473%,156558351.00,,,82479,,
JOB,GEE Group Inc. Common Stock,$0.4566,-0.0317,-6.492%,51824308.00,United States,,1438252,Technology,Diversified Commercial Services
KIQ,Kelso Technologies Inc Ordinary Shares,$0.618,-0.002,-0.323%,33538913.00,Canada,,625728,Consumer Durables,Home Furnishings
KLR,Kaleyra Inc. Common Stock,$10.92,-0.74,-6.346%,341876109.00,United States,2018,284951,Technology,EDP Services
KULR,KULR Technology Group Inc. Common Stock,$2.25,-0.04,-1.747%,212056200.00,United States,,323908,,
LCTX,Lineage Cell Therapeutics Inc. Common Stock,$2.62,0.01,0.383%,392951129.00,United States,,403439,Health Care,Biotechnology: Biological Products (No Diagnostic Substances)
LEU,Centrus Energy Corp. Class A Common Stock,$23.12,-1.54,-6.245%,320263673.00,United States,2014,35118,,
LGL,LGL Group Inc. (The) Common Stock,$10.5095,0.0595,0.569%,55408228.00,United States,,1483,Capital Goods,Industrial Machinery/Components
LNG,Cheniere Energy Inc. Common Stock,$87.13,-1.00,-1.135%,22096770765.00,United States,,550648,Public Utilities,Oil/Gas Transmission
LODE,Comstock Mining Inc. Common Stock,$3.20,0.07,2.236%,173297648.00,United States,,934815,Finance,Real Estate
LOV,Spark Networks Inc. American Depositary Shares (each representing one-tenth of an Ordinary Share),$3.99,0.11,2.835%,103966991.00,United States,2017,112728,Miscellaneous,Other Consumer Services
LSF,Laird Superfood Inc. Common Stock,$21.50,1.57,7.878%,193304436.00,,2020,123684,Consumer Non-Durables,Specialty Foods
LXFR,Luxfer Holdings PLC Ordinary Shares,$20.42,-0.33,-1.59%,566620960.00,United Kingdom,2012,16390,Capital Goods,Metal Fabrications
MAG,MAG Silver Corporation Ordinary Shares,$19.13,0.67,3.629%,1814288129.00,Canada,,449712,Basic Industries,Precious Metals
MCF,Contango Oil & Gas Company Common Stock (TX),$3.44,-0.15,-4.178%,691685640.00,United States,,816030,Energy,Oil & Gas Production
MHH,Mastech Digital Inc Common Stock,$16.23,-0.33,-1.993%,185638951.00,United States,,19124,Consumer Services,Professional Services
MITQ,Moving iMage Technologies Inc. Common Stock,$3.30,-0.365,-9.959%,34639001.00,United States,2021,318602,,
MLSS,Milestone Scientific Inc. Common Stock,$1.64,-0.08,-4.651%,109478520.00,United States,2015,234515,Health Care,Industrial Specialties
MMX,Maverix Metals Inc. Common Shares,$4.66,0.02,0.431%,679639354.00,,,95742,Basic Industries,Precious Metals
MSN,Emerson Radio Corporation Common Stock,$1.17,-0.09,-7.143%,24619903.00,United States,,271116,Consumer Non-Durables,Consumer Electronics/Appliances
MTA,Metalla Royalty & Streaming Ltd. Common Shares,$7.82,-0.06,-0.761%,334801726.00,,,226275,Basic Industries,Precious Metals
MTNB,Matinas Biopharma Holdings Inc. Common Stock,$0.7259,-0.0291,-3.854%,155880798.00,United States,2017,814627,Health Care,Major Pharmaceuticals
MXC,Mexco Energy Corporation Common Stock,$9.14,-0.07,-0.76%,19122397.00,United States,,46118,Energy,Oil & Gas Production
MYO,Myomo Inc. Common Stock,$9.69,-0.38,-3.774%,55520764.00,United States,2017,52012,Health Care,Industrial Specialties
NAK,Northern Dynasty Minerals Ltd. Common Stock,$0.4013,-0.0093,-2.265%,205826849.00,Canada,,2102355,Basic Industries,Precious Metals
NAVB,Navidea Biopharmaceuticals Inc. Common Stock,$1.69,0.07,4.321%,50959320.00,United States,,41424,Health Care,Biotechnology: In Vitro & In Vivo Diagnostic Substances
NBA,New Beginnings Acquisition Corp. Common Stock,$9.75,-0.28,-2.792%,145470000.00,,2020,67196,Technology,Radio And Television Broadcasting And Communications Equipment
NBH,Neuberger Berman Municipal Fund Inc. Common Stock,$16.23,0.11,0.682%,305506265.00,United States,2002,25981,Finance,Finance/Investors Services
NBO,Neuberger Berman New York Municipal Fund Inc. Common Stock,$13.37,-0.02,-0.149%,67885065.00,United States,2002,5478,Finance,Finance/Investors Services
NBW,Neuberger Berman California Municipal Fund Inc Common Stock,$14.63,-0.03,-0.205%,81211774.00,United States,2002,20442,Finance,Finance/Investors Services
NBY,NovaBay Pharmaceuticals Inc. Common Stock,$0.6346,-0.0165,-2.534%,26616764.00,United States,2007,1603033,Health Care,Major Pharmaceuticals
NEN,New England Realty Associates Limited Partnership Class A Depositary Receipts Evidencing Units of Limited Partnership,$61.30,0.00,0.00%,223910265.00,United States,,153,Consumer Services,Building operators
NES,Nuverra Environmental Solutions Inc. Common Stock,$2.2063,-0.1537,-6.513%,35300977.00,United States,2017,5365,Public Utilities,Water Supply
NEWP,New Pacific Metals Corp. Common Shares,$3.65,0.16,4.585%,563756235.00,,2021,151044,Capital Goods,Medical Specialities
NG,Novagold Resources Inc.,$7.40,0.17,2.351%,2454219724.00,Canada,,655784,Basic Industries,Precious Metals
NGD,New Gold Inc.,$1.21,-0.06,-4.724%,823647000.00,Canada,,8391425,Basic Industries,Precious Metals
NHC,National HealthCare Corporation Common Stock,$74.99,-0.48,-0.636%,1156588768.00,United States,,12142,Health Care,Hospital/Nursing Management
NHS,Neuberger Berman High Yield Strategies Fund,$12.73,-0.14,-1.088%,186578964.00,United States,,19699,Finance,Trusts Except Educational Religious and Charitable
NML,Neuberger Berman MLP and Energy Income Fund Inc. Common Stock,$4.85,-0.01,-0.206%,274795801.00,,2013,70250,Finance,Finance/Investors Services
NNVC,NanoViricides Inc. Common Stock,$3.80,-0.15,-3.797%,43719000.00,United States,,265777,Health Care,Major Pharmaceuticals
NOG,Northern Oil and Gas Inc. Common Stock,$16.44,-1.20,-6.803%,1087869275.00,United States,,498474,Energy,Oil & Gas Production
NRO,Neuberger Berman Real Estate Securities Income Fund Inc. Neuberger Berman Real Estate Securities Income Fund Inc.,$5.09,-0.06,-1.165%,241369841.00,United States,2003,128073,Finance,Finance/Investors Services
NTIP,Network-1 Technologies Inc. Common Stock,$3.02,-0.02,-0.658%,72746905.00,United States,,10843,Miscellaneous,Multi-Sector Companies
NXE,Nexgen Energy Ltd. Common Shares,$4.07,0.04,0.993%,1915683550.00,,,812392,Basic Industries,Precious Metals
OGEN,Oragenics Inc. Common Stock,$0.6573,-0.0296,-4.309%,76009032.00,United States,,4615837,Health Care,Major Pharmaceuticals
OPTT,Ocean Power Technologies Inc. Common Stock,$1.91,-0.13,-6.373%,100194801.00,United States,2007,848304,Public Utilities,Electric Utilities: Central
ORLA,Orla Mining Ltd. Common Shares,$3.76,0.05,1.348%,927863803.00,,2020,65557,Basic Industries,Precious Metals
PCG^A,Pacific Gas & Electric Co. 6% Preferred Stock,$29.32,0.35,1.208%,,United States,,682,,
PCG^B,Pacific Gas & Electric Co. 5 1/2% Preferred Stock,$27.15,0.00,0.00%,,United States,,250,,
PCG^C,Pacific Gas & Electric Co. 5% 1st Preferred Stock,$25.30,0.00,0.00%,,United States,,745,,
PCG^D,Pacific Gas & Electric Co. 5% 1st  Red. Preferred Stock,$23.90,-0.14,-0.582%,,United States,,698,,
PCG^G,Pacific Gas & Electric Co. 4.80% 1st Preferred Stock,$24.23,0.23,0.958%,,United States,,371,,
PCG^H,Pacific Gas & Electric Co. 4.50% 1st Preferred Stock,$21.68,0.13,0.603%,,United States,,1910,,
PCG^I,Pacific Gas & Electric Co. 4.36% 1st Preferred Stock,$24.66,0.91,3.832%,,United States,,3431,,
PED,Pedevco Corp. Common Stock,$1.06,-0.03,-2.752%,84229299.00,United States,,126768,Energy,Oil & Gas Production
PHGE,BiomX Inc. COmmon Stock,$3.9092,-0.0798,-2.001%,95558736.00,,2019,25204,Health Care,Major Pharmaceuticals
PLAG,Planet Green Holdings Corp. Common Stock,$1.34,-0.01,-0.741%,38605306.00,China,,36209,Consumer Non-Durables,Packaged Foods
PLG,Platinum Group Metals Ltd. Ordinary Shares (Canada),$2.94,-0.04,-1.342%,219023165.00,Canada,,236155,Basic Industries,Precious Metals
PLM,Polymet Mining Corporation Ordinary Shares (Canada),$3.23,-0.11,-3.293%,325833744.00,Canada,,59613,Basic Industries,Precious Metals
PLX,Protalix BioTherapeutics Inc. (DE) Common Stock,$1.34,-0.14,-9.459%,61045907.00,Israel,,1666298,Health Care,Biotechnology: Biological Products (No Diagnostic Substances)
PLYM^A,Plymouth Industrial REIT Inc. 7.50% Series A Cumulative Redeemable Preferred Stock,$26.75,0.0001,0.00%,,United States,,1181,,
PRK,Park National Corporation Common Stock,$122.78,-2.23,-1.784%,2005821622.00,United States,,21078,Finance,Major Banks
PTK,PTK Acquisition Corp. Common Stock,$9.89,-0.03,-0.302%,126531285.00,United States,2020,23443,Finance,Finance: Consumer Services
PTN,Palatin Technologies Inc. Common Stock,$0.4657,-0.0172,-3.562%,107134141.00,United States,,1021311,Health Care,Major Pharmaceuticals
PW,Power REIT (MD) Common Stock,$42.35,0.06,0.142%,140705038.00,United States,,10319,Consumer Services,Real Estate Investment Trusts
PZG,Paramount Gold Nevada Corp. Common Stock,$0.8428,0.0023,0.274%,31770543.00,United States,2015,29178,Basic Industries,Precious Metals
RCG,RENN Fund Inc Common Stock,$2.29,0.013,0.571%,13629977.00,United States,,6441,Finance,Investment Managers
REI,Ring Energy Inc. Common Stock,$2.36,-0.19,-7.451%,234468702.00,United States,,1615744,Energy,Oil & Gas Production
REPX,Riley Exploration Permian Inc. Common Stock,$17.25,-1.67,-8.827%,339621243.00,United States,,189981,Energy,Oil & Gas Production
RHE,Regional Health Properties Inc. Common Stock,$7.49,-0.45,-5.668%,13296390.00,,2017,126012,Consumer Services,Real Estate Investment Trusts
RHE^A,Regional Health Properties Inc. 10.875% Series A Cumulative Redeemable Preferred Stock,$5.85,-0.0057,-0.097%,,,,5135,,
RLGT,Radiant Logistics Inc. Common Stock,$6.21,-0.05,-0.799%,311241934.00,United States,,103301,Transportation,Oil Refining/Marketing
RMED,Ra Medical Systems Inc. Common Stock,$3.29,-0.03,-0.904%,18297799.00,,2018,680013,Health Care,Medical/Dental Instruments
RVP,Retractable Technologies Inc. Common Stock,$12.47,0.01,0.08%,424031177.00,United States,,308459,Health Care,Medical/Dental Instruments
SACC,Sachem Capital Corp. 6.875% Notes due 2024,$25.4024,0.0219,0.086%,0.00,United States,2019,1656,Consumer Services,Real Estate Investment Trusts
SACH,Sachem Capital Corp. Common Shares,$4.91,0.01,0.204%,130805012.00,United States,2017,179672,Consumer Services,Real Estate Investment Trusts
SACH^A,Sachem Capital Corp. 7.75% Series A Cumulative Redeemable Preferred Stock,$25.49,0.00,0.00%,,United States,,3108,,
SBEV,Splash Beverage Group Inc. Common Stock,$3.16,-0.20,-5.952%,96340904.00,,2021,140422,Consumer Non-Durables,Beverages (Production/Distribution)
SCCB,Sachem Capital Corp. 7.125% Notes due 2024,$25.695,-0.005,-0.019%,0.00,United States,2019,876,Consumer Services,Real Estate Investment Trusts
SCCC,Sachem Capital Corp. 7.75% Notes due 2025,$26.05,0.05,0.192%,0.00,United States,2020,4490,Consumer Services,Real Estate Investment Trusts
SDPI,Superior Drilling Products Inc. Common Stock,$0.7771,-0.0393,-4.814%,20021365.00,,2014,271419,Energy,Metal Fabrications
SEB,Seaboard Corporation Common Stock,$4247.00,96.47,2.324%,4929828413.00,United States,1996,564,Finance,Investment Bankers/Brokers/Service
SENS,Senseonics Holdings Inc. Common Stock,$3.03,-0.29,-8.735%,1349122629.00,United States,,12577122,Health Care,Medical Specialities
SIF,SIFCO Industries Inc. Common Stock,$9.695,-0.5311,-5.194%,58064606.00,United States,,12194,Capital Goods,Office Equipment/Supplies/Services
SILV,SilverCrest Metals Inc. Common Shares,$8.06,0.30,3.866%,1164331190.00,,2018,675831,Capital Goods,Industrial Machinery/Components
SIM,Grupo Simec S.A.B. de C.V. American Depositary Shares,$25.15,0.9957,4.122%,3879634574.00,Mexico,1993,4885,Basic Industries,Steel/Iron Ore
SLI,Standard Lithium Ltd. Common Shares,$7.63,-0.15,-1.928%,1070898754.00,,2021,1451866,,
SMTS,Sierra Metals Inc. Common Stock,$2.51,-0.05,-1.953%,410134000.00,,,304401,Basic Industries,Precious Metals
SNMP,Evolve Transition Infrastructure LP Common Stock,$1.15,-0.29,-20.139%,64613185.00,United States,,6205539,Energy,Oil & Gas Production
SSY,SunLink Health Systems Inc. Common Stock,$2.33,-0.10,-4.115%,16123723.00,United States,,92624,Health Care,Medical/Nursing Services
STXS,Stereotaxis Inc. Common Stock,$6.75,-0.42,-5.858%,502367738.00,United States,,349207,Health Care,Biotechnology: Electromedical & Electrotherapeutic Apparatus
SVM,Silvercorp Metals Inc. Common Shares,$4.36,0.06,1.395%,768013839.00,,,707088,Basic Industries,Precious Metals
SVT,Servotronics Inc. Common Stock,$10.30,0.33,3.31%,25528622.00,United States,,11941,Consumer Durables,Metal Fabrications
SYN,Synthetic Biologics Inc. Common Stock,$0.4704,-0.0267,-5.371%,62112810.00,United States,,2127480,Health Care,Major Pharmaceuticals
TGB,Taseko Mines Ltd. Common Stock,$1.78,0.01,0.565%,505290720.00,Canada,,674967,Basic Industries,Precious Metals
THM,International Tower Hill Mines Ltd. Ordinary Shares (Canada),$0.835,-0.015,-1.765%,162748334.00,Canada,,99388,Basic Industries,Precious Metals
TKAT,Takung Art Co. Ltd. Common Stock,$6.17,-0.36,-5.513%,76501046.00,,,977889,Consumer Services,Catalog/Specialty Distribution
TMBR,Timber Pharmaceuticals Inc. Common Stock,$0.9988,-0.0612,-5.774%,36615693.00,United States,2015,806637,Health Care,Major Pharmaceuticals
TMP,Tompkins Financial Corporation Common Stock,$80.95,-0.17,-0.21%,1192948655.00,United States,,23449,Finance,Major Banks
TMQ,Trilogy Metals Inc. Common Stock,$2.01,-0.03,-1.471%,290337435.00,Canada,,153000,Basic Industries,Precious Metals
TPHS,Trinity Place Holdings Inc. Common Stock,$2.37,0.02,0.851%,76919696.00,,,17170,Consumer Services,Real Estate
TRT,Trio-Tech International Common Stock,$4.35,0.00,0.00%,17021789.00,United States,,9828,Technology,Industrial Machinery/Components
TRX,Tanzanian Gold Corporation Common Stock,$0.42,0.0034,0.816%,107045634.00,Canada,,674041,Basic Industries,Precious Metals
UAMY,United States Antimony Corporation Common Stock,$0.9401,-0.0599,-5.99%,99888521.00,United States,,3602672,Energy,Agricultural Chemicals
UAVS,AgEagle Aerial Systems Inc. Common Stock,$3.81,-0.16,-4.03%,262722840.00,United States,,1457871,Miscellaneous,Miscellaneous
UEC,Uranium Energy Corp. Common Stock,$2.11,-0.05,-2.315%,492154120.00,Canada,,3329770,Basic Industries,Other Metals and Minerals
UFAB,Unique Fabricating Inc. Common Stock,$2.7499,0.0199,0.729%,26891676.00,United States,2015,10552,Capital Goods,Auto Parts:O.E.M.
URG,Ur Energy Inc Common Shares (Canada),$1.16,0.01,0.87%,226672170.00,Canada,,1139966,Basic Industries,Other Metals and Minerals
USAS,Americas Gold and Silver Corporation Common Shares no par value,$1.20,-0.02,-1.639%,159709741.00,,2017,882223,Basic Industries,Precious Metals
UTG,Reaves Utility Income Fund Common Shares of Beneficial Interest,$35.99,0.23,0.643%,2140165864.00,United States,2004,149353,Finance,Investment Managers
UUU,Universal Security Instruments Inc. Common Stock,$5.55,-0.26,-4.475%,12836523.00,United States,,64426,Technology,Electronic Components
UUUU,Energy Fuels Inc Ordinary Shares (Canada),$5.10,-0.17,-3.226%,758260794.00,,,1179855,Basic Industries,Mining & Quarrying of Nonmetallic Minerals (No Fuels)
VCF,Delaware Investments Colorado Municipal Income Fund Inc  Common Stock,$14.96,-0.2632,-1.729%,72363016.00,United States,1993,1240,Finance,Finance/Investors Services
VFL,Delaware Investments National Municipal Income Fund Common Stock,$14.47,-0.01,-0.069%,65526570.00,United States,1993,4701,Finance,Finance/Investors Services
VGZ,Vista Gold Corp Common Stock,$0.82,0.0067,0.824%,96089705.00,United States,,243297,Basic Industries,Precious Metals
VHAQ,Viveon Health Acquisition Corp. Common Stock,$9.90,0.00,0.00%,249046875.00,,2021,13395,Finance,Finance: Consumer Services
VKI,Invesco Advantage Municipal Income Trust II Common Shares of Beneficial Interest (DE),$12.27,-0.07,-0.567%,544684331.00,United States,,75518,Finance,Finance Companies
VMM,Delaware Investments Minnesota Municipal Income Fund II Inc. Common Stock,$14.22,0.01,0.07%,163600745.00,United States,1993,296,Finance,Finance/Investors Services
VNRX,VolitionRX Limited Common Stock,$3.25,0.03,0.932%,171901317.00,Singapore,2015,29224,Health Care,Biotechnology: Biological Products (No Diagnostic Substances)
VOLT,Volt Information Sciences Inc. Common Stock,$4.86,-0.28,-5.447%,105639755.00,United States,,158102,Consumer Services,Movies/Entertainment
WLMS,Williams Industrial Services Group Inc. Common Stock,$4.81,-0.04,-0.825%,124559765.00,,2021,48361,Capital Goods,Oilfield Services/Equipment
WRN,Western Copper and Gold Corporation Common Stock,$1.75,0.05,2.941%,262983219.00,Canada,2011,281944,Basic Industries,Precious Metals
WTT,Wireless Telecom Group  Inc. Common Stock,$2.44,0.01,0.412%,52851176.00,United States,,111069,Capital Goods,Telecommunications Equipment
WWR,Westwater Resources Inc. Common Stock,$4.01,-0.21,-4.976%,129668623.00,United States,,472461,Basic Industries,Other Metals and Minerals
WYY,WidePoint Corporation Common Stock,$6.75,0.09,1.351%,61231626.00,United States,,172977,Technology,EDP Services
XPL,Solitario Zinc Corp. Common Stock,$0.5854,-0.0147,-2.45%,34212981.00,United States,,246505,Basic Industries,Metal Mining Services
XTNT,Xtant Medical Holdings Inc. Common Stock,$1.27,-0.07,-5.224%,110118253.00,United States,,111300,Health Care,Medical Specialities
XXII,22nd Century Group Inc. Common Stock,$4.03,0.40,11.019%,655823996.00,United States,,4266767,Consumer Non-Durables,Farming/Seeds/Milling
YCBD,cbdMD Inc. Common Stock,$2.08,-0.14,-6.306%,118492535.00,United States,2017,714324,Health Care,Major Pharmaceuticals
YCBD^A,cbdMD Inc. 8.0% Series A Cumulative Convertible Preferred Stock,$7.03,0.04,0.572%,,United States,,38106,,
ZDGE,Zedge Inc. Class B Common Stock ,$15.85,-0.43,-2.641%,224856675.00,,2016,130118,Technology,Computer Software: Prepackaged Software
ZOM,Zomedica Corp. Common Shares,$0.4762,-0.0434,-8.353%,465634948.00,United States,2017,23076041,Consumer Durables,Major Pharmaceuticals
